{
    "model": "XGBoost Classifier",
    "accuracy": 0.9240612648221344,
    "f1_weighted": 0.9324461289380559,
    "f1_macro": 0.7752470356819489,
    "roc_auc": 0.9774084564786762,
    "precision_class_1": 0.35414352366140855,
    "recall_class_1": 0.6077011056042699,
    "f1_class_1": 0.4475014037057833
}