{
    "model": "XGBoost Regressor",
    "rmse": 1052.8338525913223,
    "mae": 467.23558475729334,
    "r2": 0.9814019168490347
}